effect,frame,timeSeconds,changedPixels
Flow,1,2.016667,2630
Flow,2,2.033333,2678
Flow,3,2.050000,2740
Flow,4,2.066667,2757
Flow,5,2.083333,2775
Flow,6,2.100000,2760
Flow,7,2.116667,2722
Flow,8,2.133333,2740
Flow,9,2.150000,2783
Flow,10,2.166667,2809
Flow,11,2.183333,2806
Flow,12,2.200000,2789
Flow,13,2.216667,2777
Flow,14,2.233333,2790
Flow,15,2.250000,2760
Flow,16,2.266667,2793
Flow,17,2.283333,2786
Flow,18,2.300000,2768
Flow,19,2.316667,2744
Flow,20,2.333333,2745
Flow,21,2.350000,2718
Flow,22,2.366667,2732
Flow,23,2.383333,2742
Flow,24,2.400000,2724
Flow,25,2.416667,2651
Flow,26,2.433333,2692
Flow,27,2.450000,2688
Flow,28,2.466667,2687
Flow,29,2.483333,2658
Flow,30,2.500000,2684
Flow,31,2.516667,2681
Flow,32,2.533333,2654
Flow,33,2.550000,2642
Flow,34,2.566667,2671
Flow,35,2.583333,2670
Flow,36,2.600000,2658
Flow,37,2.616667,2664
Flow,38,2.633333,2639
Flow,39,2.650000,2676
Flow,40,2.666667,2647
Flow,41,2.683333,2634
Flow,42,2.700000,2617
Flow,43,2.716667,2636
Flow,44,2.733333,2653
Flow,45,2.750000,2625
Flow,46,2.766667,2636
Flow,47,2.783333,2664
Flow,48,2.800000,2661
Flow,49,2.816667,2650
Flow,50,2.833333,2674
Flow,51,2.850000,2660
Flow,52,2.866667,2695
Flow,53,2.883333,2611
Flow,54,2.900000,2681
Flow,55,2.916667,2638
Flow,56,2.933333,2653
Flow,57,2.950000,2645
Flow,58,2.966667,2682
Flow,59,2.983333,2676
Flow,60,3.000000,2638
Foam,1,2.016667,288
Foam,2,2.033333,292
Foam,3,2.050000,294
Foam,4,2.066667,297
Foam,5,2.083333,303
Foam,6,2.100000,319
Foam,7,2.116667,304
Foam,8,2.133333,309
Foam,9,2.150000,296
Foam,10,2.166667,303
Foam,11,2.183333,305
Foam,12,2.200000,298
Foam,13,2.216667,300
Foam,14,2.233333,298
Foam,15,2.250000,307
Foam,16,2.266667,296
Foam,17,2.283333,289
Foam,18,2.300000,293
Foam,19,2.316667,299
Foam,20,2.333333,290
Foam,21,2.350000,311
Foam,22,2.366667,298
Foam,23,2.383333,309
Foam,24,2.400000,297
Foam,25,2.416667,307
Foam,26,2.433333,310
Foam,27,2.450000,290
Foam,28,2.466667,300
Foam,29,2.483333,293
Foam,30,2.500000,283
Foam,31,2.516667,304
Foam,32,2.533333,292
Foam,33,2.550000,304
Foam,34,2.566667,296
Foam,35,2.583333,306
Foam,36,2.600000,309
Foam,37,2.616667,296
Foam,38,2.633333,299
Foam,39,2.650000,307
Foam,40,2.666667,298
Foam,41,2.683333,297
Foam,42,2.700000,312
Foam,43,2.716667,297
Foam,44,2.733333,308
Foam,45,2.750000,301
Foam,46,2.766667,311
Foam,47,2.783333,284
Foam,48,2.800000,301
Foam,49,2.816667,304
Foam,50,2.833333,302
Foam,51,2.850000,312
Foam,52,2.866667,309
Foam,53,2.883333,311
Foam,54,2.900000,314
Foam,55,2.916667,299
Foam,56,2.933333,302
Foam,57,2.950000,308
Foam,58,2.966667,313
Foam,59,2.983333,300
Foam,60,3.000000,331
