frame,renderedAtSeconds
0,0.231712
1,0.272213
2,0.289106
3,0.305672
4,0.322404
5,0.338911
6,0.356647
7,0.372355
8,0.389129
9,0.405904
10,0.422590
11,0.439358
12,0.463990
13,0.472520
14,0.489248
15,0.506089
16,0.522774
17,0.539676
18,0.556797
19,0.572878
20,0.589569
21,0.606553
22,0.622963
23,0.639477
24,0.656688
25,0.673899
26,0.689726
27,0.706335
28,0.723013
29,0.739654
30,0.757571
31,0.774551
32,0.791016
33,0.807703
34,0.824067
35,0.840434
36,0.857092
37,0.873862
38,0.890432
39,0.907982
40,0.923934
41,0.940505
42,0.957141
43,0.973852
44,0.990480
45,1.007267
46,1.024620
47,1.041092
48,1.057532
49,1.074366
50,1.090642
51,1.107387
52,1.124060
53,1.141435
54,1.157769
55,1.174402
56,1.191883
57,1.207608
58,1.224249
59,1.240942
60,1.257934
61,1.274947
62,1.291179
63,1.307729
64,1.324587
65,1.341104
66,1.358027
67,1.375734
68,1.391665
69,1.408071
70,1.424761
71,1.441384
72,1.458089
73,1.474966
74,1.491472
75,1.508523
76,1.524940
77,1.541526
78,1.558215
79,1.574946
80,1.591597
81,1.608503
82,1.625436
83,1.641949
84,1.658465
85,1.675108
86,1.691988
87,1.708446
88,1.725163
89,1.742391
90,1.758871
91,1.775422
92,1.792121
93,1.809160
94,1.825607
95,1.842325
96,1.860438
97,1.875918
98,1.892374
99,1.909006
100,1.926198
101,1.942968
102,1.960108
103,1.976245
104,1.993210
105,2.010276
