frame,phaseSeconds,changedPixels
1,0.016667,3188
2,0.033333,2200
3,0.050000,2034
4,0.066667,2199
5,0.083333,1981
6,0.100000,2024
7,0.116667,2064
8,0.133333,1943
9,0.150000,1949
10,0.166667,1908
11,0.183333,1993
12,0.200000,1980
13,0.216667,1978
14,0.233333,1914
15,0.250000,2061
16,0.266667,1980
17,0.283333,1988
18,0.300000,1930
19,0.316667,1964
20,0.333333,1892
21,0.350000,1928
22,0.366667,1913
23,0.383333,1972
24,0.400000,1945
25,0.416667,1964
26,0.433333,1880
27,0.450000,2192
28,0.466667,1963
29,0.483333,3392
30,0.500000,1876
31,0.516667,1885
32,0.533333,1944
33,0.550000,1959
34,0.566667,1885
35,0.583333,1945
36,0.600000,1904
37,0.616667,1907
38,0.633333,1892
39,0.650000,1859
40,0.666667,1847
41,0.683333,1854
42,0.700000,1801
43,0.716667,1860
44,0.733333,1867
45,0.750000,2341
46,0.766667,1846
47,0.783333,1839
48,0.800000,1868
49,0.816667,1858
50,0.833333,1949
51,0.850000,2153
52,0.866667,1834
53,0.883333,1801
54,0.900000,1816
55,0.916667,1912
56,0.933333,1839
57,0.950000,1794
58,0.966667,1815
59,0.983333,1837
60,1.000000,1826
